<?xml version="1.0" encoding="UTF-8"?>
<project-private xmlns="http://www.netbeans.org/ns/project-private/1">
    <editor-bookmarks xmlns="http://www.netbeans.org/ns/editor-bookmarks/2" lastBookmarkId="0"/>
    <open-files xmlns="http://www.netbeans.org/ns/projectui-open-files/2">
        <group>
            <file>file:/C:/Users/asus/Documents/NetBeansProjects/proyek/src/proyek/koneksi.java</file>
            <file>file:/C:/Users/asus/Documents/NetBeansProjects/proyek/src/proyek/frUser1.java</file>
            <file>file:/C:/Users/asus/Documents/NetBeansProjects/proyek/src/proyek/frAdmin.java</file>
            <file>file:/C:/Users/asus/Documents/NetBeansProjects/proyek/src/proyek/home.java</file>
            <file>file:/C:/Users/asus/Documents/NetBeansProjects/proyek/src/proyek/frUser2.java</file>
            <file>file:/C:/Users/asus/Documents/NetBeansProjects/proyek/src/proyek/Proyek.java</file>
            <file>file:/C:/Users/asus/Documents/NetBeansProjects/proyek/src/proyek/frSignup.java</file>
            <file>file:/C:/Users/asus/Documents/NetBeansProjects/proyek/src/proyek/frLogin1.java</file>
        </group>
    </open-files>
</project-private>
